{
    "$schema": "https://schema.management.azure.com/schemas/2015-01-01/deploymentParameters.json#",
    "contentVersion": "1.0.0.0",
    "parameters": {
        "azureFirewalls_dev_fin01_fw00_name": {
            "value": null
        },
        "storageAccounts_devfin01rg00diag_name": {
            "value": null
        },
        "virtualMachines_dev_fin01_corda00_name": {
            "value": null
        },
        "virtualMachines_dev_fin01_bastion00_name": {
            "value": null
        },
        "publicIPAddresses_dev_fin01_fw00_ip_name": {
            "value": null
        },
        "virtualNetworks_dev_fin01_vnet00_red_name": {
            "value": null
        },
        "networkInterfaces_dev_fin01_corda00708_name": {
            "value": null
        },
        "networkInterfaces_dev_fin01_bastion0084_name": {
            "value": null
        },
        "virtualNetworks_dev_fin01_vnet02_yellow_name": {
            "value": null
        },
        "publicIPAddresses_dev_fin01_bastion00_ip_name": {
            "value": null
        },
        "networkSecurityGroups_dev_fin01_corda00_nsg_name": {
            "value": null
        },
        "virtualNetworks_dev_fin01_vnet01_ambergreen_name": {
            "value": null
        },
        "networkSecurityGroups_dev_fin01_bastion00_nsg_name": {
            "value": null
        },
        "subnets_dev_fin01_dmz00_name": {
            "value": null
        },
        "securityRules_SSH_name": {
            "value": null
        },
        "securityRules_SSH_name_1": {
            "value": null
        },
        "securityRules_RDP_name": {
            "value": null
        },
        "subnets_AzureFirewallSubnet_name": {
            "value": null
        },
        "subnets_dev_fin01_corda00_name": {
            "value": null
        },
        "subnets_dev_fin01_ui00_name": {
            "value": null
        },
        "subnets_dev_fin01_app00_name": {
            "value": null
        },
        "virtualNetworkPeerings_dev_fin01_peer00_name": {
            "value": null
        },
        "virtualNetworkPeerings_dev_fin01_peer03_name": {
            "value": null
        },
        "virtualNetworkPeerings_dev_fin01_peer04_name": {
            "value": null
        },
        "virtualNetworkPeerings_dev_fin01_peer05_name": {
            "value": null
        },
        "virtualNetworkPeerings_dev_fin01_peer01_name": {
            "value": null
        },
        "virtualNetworkPeerings_dev_fin01_peer02_name": {
            "value": null
        },
        "virtualMachines_dev_fin01_bastion00_id": {
            "value": null
        },
        "virtualMachines_dev_fin01_corda00_id": {
            "value": null
        },
        "virtualNetworks_dev_fin01_vnet00_red_id": {
            "value": null
        },
        "virtualNetworks_dev_fin01_vnet01_ambergreen_id": {
            "value": null
        },
        "virtualNetworks_dev_fin01_vnet02_yellow_id": {
            "value": null
        }
    }
}