{
    "defaultSeverity": "error",
    "extends": [
        "tslint:recommended"
    ],
    "linterOptions": {
        "exclude": [
        ]
    },
    "jsRules": {},
    "rules": {
        "forin": false,
        "interface-name": false,
        "max-classes-per-file": false,
        "max-line-length": false,
        "no-console": false,
        "no-empty": false,
        "no-shadowed-variable": false,
        "no-var-requires": false,
        "object-literal-sort-keys": false,
        "one-variable-per-declaration": false,
        "prefer-const": false,
        "prefer-for-of": false,
        "quotemark": [
            true,
            "single"
        ],
        "radix": false,
        "trailing-comma": false,
        "triple-equals": false,
        "variable-name": false,
        "ordered-imports": false
    },
    "rulesDirectory": ["node_modules/tslint-microsoft-contrib"]
}
