{
    "defaultSeverity": "error",
    "extends": [
        "tslint:recommended"
    ],
    "linterOptions": {
        "exclude": [
        ]
    },
    "jsRules": {},
    "rules": {
        "interface-name": false,
        "max-classes-per-file": false,
        "one-variable-per-declaration": [
            true, 
            "ignore-for-loop"
        ],
        "quotemark": [
            true,
            "single"
        ],
        "radix": false,
        "variable-name": [
            true,
            "ban-keywords",
            "allow-leading-underscores"
        ],
        "trailing-comma" : [
            true,
            { "esSpecCompliance": true }
        ],
        "object-literal-sort-keys": false,
        "ordered-imports": false
    }
}
