{
  "fund": {
    "accountNumber": "P39009",
    "manager": "Corda_IM",
    "administrator": null
  },
  "pair": {
    "first": {
      "details": "{\"fund\":{\"manager\":\"AQR\",\"identifiers\":{\"adminAccount\":\"DrumG Account\",\"clearingAccountNumber\":\"DrumG\",\"locationAccount\":\"B\"}},\"transaction\":{\"type\":\"N\",\"identifiers\":{\"TransID\":\"8020\",\"fundCode\":\"B\"}},\"investment\":{\"identifiers\":{\"CUSIP\":\"Ticker E\",\"AQRID\":\"B\",\"securityName\":\"Eric Inc.\"}},\"details\":{\"tradeDate\":\"2018-11-16 12:00 AM\",\"settleDate\":\"2018-11-20 12:00 AM\",\"quantity\":\"37700\",\"price\":\"8.88\",\"commissions\":\"377\",\"fees\":{},\"netTradeAmount\":\"285389\",\"clearingBroker\":{\"code\":\"JPMC\"},\"executingBroker\":{\"code\":\"DB\"}},\"status\":{\"lastUpdate\":\"2018-11-19 16:38:09.427\",\"shortCode\":\"ACCT\"}}",
      "dgId": "36fdaeff-3a16-467e-a089-a3e4ef52b510"
    },
    "second": {
      "details": "{\"fund\":{\"manager\":\"AQR\",\"identifiers\":{\"adminAccount\":\"DrumG Account\",\"clearingAccountNumber\":\"DrumG\",\"locationAccount\":\"B\"}},\"transaction\":{\"type\":\"N\",\"identifiers\":{\"TransID\":\"8020\",\"fundCode\":\"B\"}},\"investment\":{\"identifiers\":{\"CUSIP\":\"Ticker E\",\"AQRID\":\"B\",\"securityName\":\"Eric Inc.\"}},\"details\":{\"tradeDate\":\"2018-11-16 12:00 AM\",\"settleDate\":\"2018-11-20 12:00 AM\",\"quantity\":\"37700\",\"price\":\"8.88\",\"commissions\":\"377\",\"fees\":{},\"netTradeAmount\":\"285389\",\"clearingBroker\":{\"code\":\"JPMC\"},\"executingBroker\":{\"code\":\"DB\"}},\"status\":{\"lastUpdate\":\"2018-11-19 16:38:09.427\",\"shortCode\":\"ACCT\"}}",
      "dgId": "fb43bb6a-b0ba-4f4c-ac4a-367d0b11b2f8"
    }
  },
  "broker": "Corda_CU",
  "status": "PAIRED",
  "dgId": "34aa19fd-6e3f-4803-b300-6cf9da6f4d7a"
}
