{
  "fund": {
    "accountNumber": "P39009",
    "manager": "Corda_IM",
    "administrator": null
  },
  "pair": {
    "first": {
      "details": {
        "fund": {
          "manager": "AQR",
          "identifiers": {
            "adminAccount": "DrumG Account",
            "clearingAccountNumber": "DrumG",
            "locationAccount": "B"
          }
        },
        "transaction": {
          "type": "N",
          "identifiers": {
            "TransID": "8020",
            "fundCode": "B"
          }
        },
        "investment": {
          "identifiers": {
            "CUSIP": "Ticker E",
            "AQRID": "B",
            "securityName": "Eric Inc."
          }
        },
        "details": {
          "tradeDate": "2018-11-16 12:00 AM",
          "settleDate": "2018-11-20 12:00 AM",
          "quantity": "37700",
          "price": "8.88",
          "commissions": "377",
          "fees": {},
          "netTradeAmount": "285389",
          "clearingBroker": {
            "code": "JPMC"
          },
          "executingBroker": {
            "code": "DB"
          }
        },
        "status": {
          "lastUpdate": "2018-11-19 16:38:09.427",
          "shortCode": "ACCT"
        }
      },
      "dgId": "592b0451-3ea8-11e9-a9ef-2bf0f5944378"
    },
    "second": {
      "details": {
        "fund": {
          "manager": "AQR",
          "identifiers": {
            "adminAccount": "DrumG Account",
            "clearingAccountNumber": "DrumG",
            "locationAccount": "B"
          }
        },
        "transaction": {
          "type": "N",
          "identifiers": {
            "TransID": "8020",
            "fundCode": "B"
          }
        },
        "investment": {
          "identifiers": {
            "CUSIP": "Ticker E",
            "AQRID": "B",
            "securityName": "Eric Inc."
          }
        },
        "details": {
          "tradeDate": "2018-11-16 12:00 AM",
          "settleDate": "2018-11-20 12:00 AM",
          "quantity": "37700",
          "price": "8.88",
          "commissions": "377",
          "fees": {},
          "netTradeAmount": "285389",
          "clearingBroker": {
            "code": "JPMC"
          },
          "executingBroker": {
            "code": "DB"
          }
        },
        "status": {
          "lastUpdate": "2018-11-19 16:38:09.427",
          "shortCode": "ACCT"
        }
      },
      "dgId": "592b0452-3ea8-11e9-a9ef-2bf0f5944378"
    }
  },
  "broker": "Corda_CU",
  "status": "PAIRED",
  "dgId": "592b0453-3ea8-11e9-a9ef-2bf0f5944378"
}
